id,title,year,type,description,areas,knowledge,weak_signals,photo,students,link
proj000,Nomadic Challenge.,2021,Microchallenge 1,"The idea is to create a critical tool for designers to question their practices and reflect on them.
We want to play with the idea of mail art, going back to an analogig time. We feel we are overloading our screen time and it is time to go back to manual creativity and more intimate network. Run away from the digital immediace we have got used to, and enjoy more simple and slow connections.",Art & Music,,Speculative Futures,https://gitlab.com/roger_guilemany/challenge-1-mdef/-/raw/master/images/references/mailart.png,Roger Guilemany|Alejandra Marín,https://gitlab.com/roger_guilemany/challenge-1-mdef
proj001,Processing Handicrafts,2021,Microchallenge 1,"Inspired in Carnival, Culture, Art, STEAM we decided to create an intervention artifact. To create it we will combine laser cutting, computer aided design, and simple circuits. Our purpouse is to engage women and girls in artisan making communities.
This intervention will respond to the cultural crisis cultivated by the pandemic while also conceiving of future carnaval festivities.
The artifact will be a speculative exploration of a Carnival on a spaceship in a billion seconds: the year 2053.
",Co-creation | Community Design | Decolonial Design,,Decolonial Design | Future of Making | Post-digital Craft | Slow Tech,https://gitlab.com/jean-luc_pierite/processing-handicrafts/-/raw/master/images/IMG_2303.jpg,Jean-Luc Pierite|Veronica,https://gitlab.com/jean-luc_pierite/processing-handicrafts
proj002,Silent Board Game,2021,Microchallenge 1,"A version of the board, pieces and instructions, that would enable two people to play the game, developing a space of implicit communication through the silent alternative creation of patterns, sculptures or images. The original version of the game asks to have pieces of different shape, size and colour. For this reason we are using transparent acrylic, plywood, and the acrylic negative is used as a ""generator"" for casting biomaterial pieces of different colours. This ""generator"" is a part of the board, so in case any piece is lost, it can easily be replaced.
",Body & Health,,Body as Interface,https://gitlab.com/morgane_shaban/silent-board-game/-/raw/master/images/rhinomodel.jpg,Morgane Shaban|Inés Burdiles,https://gitlab.com/morgane_shaban/silent-board-game
proj003,Sheet Masks,2021,Microchallenge 1,"Work around cosmetics to continue our intervention. We already engaged with Bothaina in the last intervention we did on the beach with people and ask them if they were open to the idea to reused materials from home and make their own scrubs, soaps, masks, makeup. We had a good feedback from them that they might be interesting. This is why on this challenge we focus our project on the face and more especially sheet masks with the reference of the 3D printing machine. The goal is to make them try the mold we have been designing to cooked our own gel facial mask and to know what’s inside of it! During the quarantaine or even during this stressing period a lot of people turned into more confort at home or self-care. (4)",,,,https://gitlab.com/anais_bouvet/challenge_1_mdef_sheet_masks/-/raw/master/Images/prototype_with_drawing.jpg,Bothaina Alamri|Anaïs Bouvet,https://gitlab.com/anais_bouvet/challenge_1_mdef_sheet_masks
proj004,Sun Thing,2021,Microchallenge 1,We see this prototype as a way to explore alternative presents through cooking; both in space and in experience. It can also be an imagined tool for refugee tech and future realities within the confines of the climate crisis. And perhaps another space of reality for this project is educating children on imagining future kitchens and cooking experiences.,Food Systems,,Energy Transition,https://gitlab.com/jasmine_boerner/fab-lab-challenge-1/-/raw/master/11.png,Sergio Morales|Jasmine Böner,https://gitlab.com/jasmine_boerner/fab-lab-challenge-1
proj005,Clothes Repair,2021,Microchallenge 1,clothes repair,,,,https://pietro_rustici.gitlab.io/mdef-upcycling/images/care.png,David Wyss|Pietro Rustici,https://pietro_rustici.gitlab.io/mdef-upcycling/
proj006,Micgration,2021,Microchallenge 1,"An artifact to explore the intersection of humanism in design Create a tool that would help stimulate thought and dialogue, people’s perceived agency relating to different political issue",Social Justice,,Decolonial Design,https://gitlab.com/jose_uribe/micro_challenge1/-/raw/master/images/3.png,Jose Antonio Uribe|Krzysztof Wroński,https://gitlab.com/jose_uribe/micro_challenge1
proj007,Anti Walkman,2021,Microchallenge 1,"The “anti-Walkman” bracelet is an acrylic lightweight bracelet with a compass that indicates the direction you want to go. Without the excess of information that google maps would give you, the ‘anti-Walkman’ is precise and will not generate extra distractions, it will simply indicate where you have to turn so that you can connect with your surroundings, whether you are walking, hiking or riding a bike.",Sensing & Electronics,,Community Resilience | Slow Tech,https://gitlab.com/clement_rames/anti-walkman/-/raw/master/images/10pic.jpg,Clément Rames|José Francisco Molina,https://gitlab.com/clement_rames/anti-walkman/-/blob/master/README.md
proj008,Food Water Food,2021,Microchallenge 1,A fun and interactive card game about the water footprint of common foodstuffs.,Food Systems | Water Systems,,Food Sovereignty | Water Justice,https://gitlab.com/guilherme_simoes/micro-challenge-i-mdef-food-water-food/-/raw/master/Pictures/game1.jpeg,Mark Villanueva|Guilherme Simoes,https://gitlab.com/guilherme_simoes/micro-challenge-i-mdef-food-water-food/-/tree/master
proj009,Biomaterial Toolbox,2021,Microchallenge 2,"Biomaterial Toolbox, is a hybrid of carpentry toolbox, and laboratory, cooking and artistic equipment. All you need to guide a biomaterial workshop with youth, or anyone new to the topic. An artifact for dissemination of material literacy.",Biomaterials,,Post-digital Craft,https://gitlab.com/ines_burdiles/biomaterial-toolbox/-/raw/master/images/IMG_2944.jpg,Morgane Shaban|Inés Burdiles,https://gitlab.com/ines_burdiles/biomaterial-toolbox
proj010,The Most Complex Box.,2021,Microchallenge 2,The idea has been formalised as a speaker that can be attached to these actors in order to create a situation where humans dedicate time listening to these non-human voices. The human designer becomes the speaking subject of the system. The device is pure speculation with the idea behind to reflect on the time and attention we dedicate to other species and things in our practice as human designers.,Interspecies & Non-human,,Speculative Futures,https://gitlab.com/roger_guilemany/challenge-2-mdef/-/raw/master/images/final/final-3.png,Krzysztof Wroński|Roger Guilemany,https://gitlab.com/roger_guilemany/challenge-2-mdef
proj011,Planetary Soda,2021,Microchallenge 2,Planetary Soda consists of a critique of the current state of malnutrition and illness in the world. Our intervention aims to further highlight the ridiculousness and unacceptability of this crisis.,Food Systems,,Speculative Futures,https://gitlab.com/jean-luc_pierite/planetary-soda/-/raw/master/Pictures/End_Artifact_2.jpg,Guilherme Simoes|Jean-Luc Pierite,https://gitlab.com/jean-luc_pierite/planetary-soda
proj012,Sheet Mask 2,2021,Microchallenge 2,We are continuing the project of full face around sheet mask for the second challenge by using 3D printing and cnc,Body & Health,,,https://gitlab.com/anais_bouvet/challenge-2-mdef/-/raw/master/Images/shapes_3Dprintingok.JPG,Bothaina Alamri|Anaïs Bouvet,https://gitlab.com/anais_bouvet/challenge-2-mdef
proj013,Modular Structure For Design Dialogues,2021,Microchallenge 2,"We wanted to create a modular structure to be displayed in the centre of our design dialogues. At the begining We wanted to make the object serve as a welcoming object, almost like an index, that would include all the students of MDEF. This evolved to a central longitudinal piece that would go throughout the exhibition displaying the process of all of our work in this term.",,,,https://gitlab.com/pietro_rustici/mdef-exhibition/-/raw/master/images/cards2.jpeg,Jana Tothill|Pietro Rustici,https://gitlab.com/pietro_rustici/mdef-exhibition
proj014,Incubator,2021,Microchallenge 2,Incubator that monitors humidity and temperature,Biomaterials,,Circular Materials,https://gitlab.com/jasmine_boerner/fab-lab-challenge-2/-/raw/master/9.jpg,Jasmine Böner|Sergio Morales|Mark Villanueva,https://gitlab.com/jasmine_boerner/fab-lab-challenge-2
proj015,The Sense of the Planet,2021,Microchallenge 2,"The ""Sense of the Planet"" started as a project that would fuse advanced design techniques in digital fabrication, electronics and a strong message through data visualization. The last part was a critical one, since we were looking to create something that would cause a level of influence through immersing ourselves into the experience. The purpose was to create an experience that allowed to measure the concerns of the world through visual sensing.",Digital Fabrication,,Digital Literacy,https://gitlab.com/jose_uribe/earth_pulse/-/raw/master/Files/Artifact/PICTURE6.jpeg,Josefina Nano|Jose Antonio Uribe|David Wyss,https://gitlab.com/jose_uribe/earth_pulse/-/blob/master/earth_pulse.md
proj016,Playful Sensor,2021,Microchallenge 2,An air quality sensor co-designed with and for kids.,Art & Music | Climate | Education | Energy,,Energy Transition,https://gitlab.com/clement_rames/ramon-cameleon/-/raw/master/photos/camaleon.jpg,José Francisco Molina|Vero|Clément Rames,https://gitlab.com/clement_rames/ramon-cameleon
proj017,Sister Loba,2021,Microchallenge 3,"Since we decide to design using co-creation methodologies and processes, we started by interviewing teenagers and young women who love cycling or who use the bicycle as means of transportation to discover their perceptions, needs and desires.
We talked to women from different communities and collectives: from Fab Labers , MDEFers, schools' and univesities' students, and delivery's services workers in Barcelona, to cyclist collectives like Mujeres en Bici in Leon (Mexico).
",Mobility | Social Justice,,Decolonial Design,https://gitlab.com/ritaveronica.agreda.depazos/micro-challenge-3-sister-loba/-/raw/main/Images/Sisterloba_components.png,Verónica|José Francisco Molina,https://gitlab.com/ritaveronica.agreda.depazos/micro-challenge-3-sister-loba
proj018,Design Practice Self-Assessment,2021,Microchallenge 3,"By building upon the idea of quantifying the impact of our design practice over time, our group wanted to develop a speculative assessment tool that questions and characterises the scope and dimension of posthumanist practices.",Data Visualization,,Post-digital Craft,https://gitlab.com/david_wyss/parameters-of-the-posthuman/-/raw/master/Images/Final/4.jpg,Roger Guilemany|Krzysztof Wroński|David Wyss,https://gitlab.com/david_wyss/parameters-of-the-posthuman/-/tree/master
proj019,Mycelium Incubator 2.0,2021,Microchallenge 3,A mycelium and grow incubator that utilizes mycelium within it as insulation.,Biomaterials,,Circular Materials,https://gitlab.com/jasmine_boerner/mycelium-incubator-2.0/-/raw/master/images/13.png,Pietro Rustici|Jasmine Böner,https://gitlab.com/jasmine_boerner/mycelium-incubator-2.0
proj020,La Boite à Musique,2021,Microchallenge 3,"La Boite a Musique is a box that makes music by using objects of all weights, size and colours through arranging placing and balancing them to make sounds.",Art & Music | Digital Fabrication,,Body as Interface,https://gitlab.com/morgane_shaban/boite-a-musique/-/raw/master/images/play.jpg,Morgane Shaban|Clément Rames,https://gitlab.com/morgane_shaban/boite-a-musique
proj021,Face Mask Sterilizing Unit / silicone face mold,2021,Microchallenge 3,This project was about developing a container to sterilize face masks in a suitable form for home users,,,,https://gitlab.com/Bothaina_Alamri/challenge-3-mdef/-/raw/master/6.jpg,Anaïs Bouvet|Bothaina Alamri,https://docs.google.com/spreadsheets/d/1mPMTOo9z0OwFVUpW9hpdYW8v-1QL6K1gJybt3RprlNg/edit#gid=0
proj022,Matterscope,2021,Microchallenge 3,"The matterscope is a delimited space that situates the observed matter and the observer. The observed matter and the observer have a sensor to measure body temperature. The space is being measured for environmental temperature and humidity, all these sensors generate data that will later be crossed with a visual registration of the interaction. Specifically, throught the temperature log, the device registrates when the human body comes into contact with the non-human body through the sense of touch, and how this affects the matter.

",Biomaterials,,Digital Literacy,https://gitlab.com/josefina_nano/matterscope/-/raw/master/assets/Photos/final_04.jpg,Josefina Nano|Inés Burdiles,https://gitlab.com/josefina_nano/matterscope/-/blob/master/MatterScope.md
proj023,The Cost of Time,2021,Microchallenge 3,"The concept behind this project was to represent the consumption and the environmental impact  of a zoom call. 
The idea is that when you start the call, you light up the candle. Therefore there is a direct correlation between the consumption of the candle and your internet consumption. The residue generated by the candle represents the veiled residue you generate when navigating in the internet. A direct appellation to the e-waste of zoom calls. We wanted the wax to create a “mess”, something not necessarily easy to clean up, so that it becomes a conscious actions and realisation of cleaning it up.",Body & Health,,Speculative Futures,https://gitlab.com/jose_uribe/the_cost_of_time/-/raw/master/files/8.jpg,Jana Tothill|Jose Antonio Uribe,https://gitlab.com/jose_uribe/the_cost_of_time
proj024,Proof of Growth,2021,Microchallenge 3,"A system that rewards people who maintain optimal growth conditions for plants in urban vertical farms. Tokens are generated and rewarded based upon nutrient levels, temperature, and humidity. This will connect to a global exchange promoting cities with the most productive urban farms. A web platform maps and renders farms by height and ""green"" impacts.
",Food Systems | Interspecies & Non-human | Urban Design,,Urban Ecology,,Jean-Luc Pierite|Guilherme Simoes,https://gitlab.com/jean-luc_pierite/proof-of-growth
proj025,Magic Twister,2021,Microchallenge 4,"A set of objects that the participants have developed as well as a reflection attached to each one of those. We want to share this reflections in a visual way, to embrace the different perspectives and approaches taken and open a debate around the topic. The final outcome will be a website with an online exhibition, showing the objects and its reflections. Also will work as a base for building up on top and implement further developments of the project. In order to show the objects we wanted to explore 3D scanning them to create a virtual universe where you can move, explore them and better grasp the idea behind our whole research on biographies of things.",Speculative Design,,,https://gitlab.com/clement_rames/magic-twister/-/raw/master/readme-content/scan02.gif,Jana Tothill|Roger Guilemany|Clément Rames,https://gitlab.com/clement_rames/magic-twister
proj026,Silent Playscape,2021,Microchallenge 4,"The Silent Playscape is a undirected play tool, where players sculpt, build and make their own play in a collaborative silence. It is a co-creation game that uses implicit communication. It is an up scaled version of the Silent Board Game by Ines Budriles and Morgane Shaban (please find this repo here: https://gitlab.com/morgane_shaban/silent-board-game.git). They are both inspired by the Silent Game which was originally designed by John Habraken and Mark D gross and can be found in the 1987 book; Concept Design Games. The game has become spacial and active. The Silent Playscape consists of different pieces made from different biodegradable materials including bioplastics, wood and canvas, to foster a critical view of the material world around us. This free play tool allows you to use your entire body to move, place and be a part of the final sculpture.

",Community Design,,Circular Materials,https://gitlab.com/morgane_shaban/silent-playscape/-/raw/main/images/diagram.jpg,Morgane Shaban,https://gitlab.com/morgane_shaban/silent-playscape.git
proj027,Phygital Awakening,2021,Microchallenge 4,Using technology as a tool to amplify human signals.,Co-creation | Community Design,,Collective Intelligence,,Josefina Nano,https://gitlab.com/josefina_nano/phygital-awakenings/-/blob/main/PHYGITAL_AWAKENINGS.pdf
proj028,Abundance,2021,Microchallenge 4,Restoration Ecology and technology,,,,https://gitlab.com/jean-luc_pierite/fab-academy-challenge-4/-/raw/master/images/ABUNDANCE_1.2.jpg,Jean-Luc Pierite|Guilherme Simoes,
proj029,Autonomous Tree,2021,Microchallenge 4,"The Autonomous Tree is a result of my project Hypothetical Authorities, where people collaborated with me to explore and define potential new authorities that could address the largest challenges of our time, stimulate critical dialogues about the way authorities are designed today, and depict alternative possiblities for how things could be for audiences to consider. There are three conceptual parts to the Autonomus Tree installation. First, the theoretical possibiltiy that a selected tree could serve as a political representative, beaurocrat, or otherwise have power over humans. This is mostly achieved through storytelling and the narrative surrounding the installation. Second, physical symbolic artefacts and devices associated with human authority today installed on and around the tree. This was the focus of my Fab Academy Challenge 4 project and this repository houses all of the assets and files utilised to create these objects and the functionality they have. Finally, the last part of Autonomous Tree is a a digital conversation, created using a SaaS chat-bot creator called Landbot, which enables a dialogue and discourse between a human visiting the tree and the tree itself using the visitor's phone and a QR code which starts the conversation in the context of the tree.

",Art & Music,,Interspecies Collaboration,https://gitlab.com/krzysztof_wronski/autonomous-tree/-/raw/master/images/challenge4-2.jpg,Krzysztof Wroński,https://gitlab.com/krzysztof_wronski/autonomous-tree
proj030,Board Games for Collaboration,2022,Microchallenge 1,A board game as a tool for collaboratively generating new ideas within and beyond the MDEF classroom.,Art & Music,,Collective Intelligence,https://raw.githubusercontent.com/angel-cho/fabchallenge1/main/images/LidandInternals.jpg,Angel Cho|Busisiwe Mgwenya|Vikrant Mishra,https://github.com/angel-cho/fabchallenge1/
proj031,Creuar,2022,Microchallenge 1,"It is a game to shape our common realities, to connect and to be able to express ourselves to each other. To create those bridges that separate us. It is also a game of mobility and agility. We have to listen and communicate to be aware of the situation around us.",Mobility | Urban Design,,Community Resilience,https://raw.githubusercontent.com/Anna-Mestres/fab_challenge_I/main/images/final6.jpg,Borka Prnjak|Anna Mestres|José Hirmas,https://github.com/Anna-Mestres/fab_challenge_I
proj032,Biostamps,2022,Microchallenge 1,A stamp kit made made fully from waste/bio material for kids to construct and play with.,Biomaterials | Circular Economy | Digital Fabrication,,Circular Materials,https://raw.githubusercontent.com/gecrgehanna/fabchallenge01/main/12final.png,Kai Hanzel|Georges Hanna,https://github.com/gecrgehanna/fabchallenge01
proj033,Waste Collectors,2022,Microchallenge 1,Biomaterials storage shelf,Biomaterials,,Circular Materials,https://fiorella-jaramillo.github.io/wastecollector/IMG/CC/2.jpg,Fiorella Jaramillo|Julia Steketee|Pippa Formosa,https://fiorella-jaramillo.github.io/wastecollector/DOC.html
proj034,Modbox,2022,Microchallenge 1,We want to give discarded things a new purpose and transform them into improved objects. Change is constant and we want to make sure this change can reach objects before being left to die.,Digital Fabrication,,Circular Materials,https://paula-bustos.github.io/modbox/images/IMG_2551.jpg,Dídac Torrent|Paula Bustos,https://paula-bustos.github.io/modbox/
proj035,Solar Oven,2022,Microchallenge 1,"solar oven. Not just an object dedicated to camping or emergency situations, we would like to see it in our kitchens as an appliance for everyday life.",Craftsmanship | Energy,,Community Resilience | Slow Tech,https://raw.githubusercontent.com/gerda-meleschkin/slowlab/main/solar%20oven%20-%20fab%20challenge%20%231/images/final1.jpg,Gerda Meleschkin|Audrey Belliot,https://github.com/gerda-meleschkin/slowlab
proj036,Compost Toolkit,2022,Microchallenge 1,"We decided to make a transparent compost box for food waste consiousness and making the composting process to be seen

",Circular Economy | Food Systems | Sensing & Electronics,,Circular Materials | Food Sovereignty,https://raw.githubusercontent.com/emiliosmith/FabAcademy-challenge/main/images/model.jpg,Rei Terauchi|Emilio Smith,https://github.com/emiliosmith/FabAcademy-challenge
proj037,Propagame,2022,Microchallenge 1,"A game where two people could measure the growth and progress of their plants over time, allowing the best caregiver to win.",Food Systems | Interspecies & Non-human,,Interspecies Collaboration,https://roberto-broce.github.io/fabchallenge/images/FEY0EQ2KZ6ZPLP6.jpg,Roberto Broce|Marina Lermant|Tatiana Dugarmaa,https://roberto-broce.github.io/fabchallenge/
proj038,Data Recording Device,2022,Microchallenge 1,"To create an artefact that allows gathering and plotting of data in unconventional way(s). To play with the concept of ""aliveness"" in wearables or domestic objects.",Data Visualization,,Body as Interface,https://raw.githubusercontent.com/paula-delrio-arteaga/FABACADEMY-1/Master/Images/fabrication_05.jpg,Adrianna Cabello|Aparna Mohan|Paula Bustos,https://github.com/paula-delrio-arteaga/FABACADEMY-1
proj039,Sculpted Emotions,2022,Microchallenge 1,a tool which allows any user to communicate emotions better,Art & Music | Sensing & Electronics,,Interspecies Collaboration,https://user-images.githubusercontent.com/92102729/174887621-ac530d86-b2c1-4906-b765-c304820cfcc6.jpg,Nikita Gusev|Reuben de Haan,https://github.com/rubendehaan/fabchallenge1
proj040,Open Jam Box,2022,Microchallenge 1,Impressions of the process prototyping a 4-track loop station.,Food Systems | Interspecies & Non-human,,Interspecies Collaboration,https://raw.githubusercontent.com/chris-ernst/fablab-challenge-1/main/images/IMG_5360.JPG,Christian Ernst,https://github.com/chris-ernst/fablab-challenge-1
proj041,Flexures,2022,Microchallenge 1,I was interested in flexures as an inexpensive alternative to precision linear rails in machine tools.,Digital Fabrication,,Future of Making,https://user-images.githubusercontent.com/14352758/190920751-f2ffb4dc-9e9f-4d30-a8d6-307ce10520cf.png,Jeremy Paradie,https://github.com/JeremyParadie/MDEF-Academy-Micro-Challenge-1
proj042,Extended Organelles,2022,Microchallenge 2,The basic points of curiosity revolved around making different electronic components and systems communicate with each other using sensors. Sensors were used to derive inputs from objects that don't radiate extractable digital data normally. The research simply aims at exploring and extending possibilities that the human body offers as a tool.,Wearables,,Future of Making,https://raw.githubusercontent.com/vikmish/Fab-Challenge-2/main/EOmain.gif,Vikrant Mishra,https://github.com/vikmish/Fab-Challenge-2/blob/main/README.md
proj043,Photobioreactor,2022,Microchallenge 2,Photobioreactor hosting our algae cultures to help them grow.,Biomaterials,,Interspecies Collaboration,https://raw.githubusercontent.com/paula-delrio-arteaga/Facademy-2/Master/Images/sketch1.png,Paula Bustos|Pippa Formosa|Marina Lermant|Paula del Río Arteaga,https://github.com/paula-delrio-arteaga/Facademy-2
proj044,Biography of Dead Objects,2022,Microchallenge 2," By collecting the “dead” artifacts, the ones that did not make it alive, from individual processes, we hope to explore the connections between these objects and generate new narratives. Through these new narratives, we aim to open up an alternative understanding of failure within the design process and expose the power of the collective.",Speculative Design,,Body as Interface,https://raw.githubusercontent.com/aparna2806/FAB-ACADEMY-2/main/images/arrangement.png,José Hirmas|Angel Cho|Aparna Mohan|Jeremy Paradie,https://github.com/aparna2806/FAB-ACADEMY-2
proj045,Hybrid Food Dehydrator,2022,Microchallenge 2,"The Hotbox is a low-energy solution for food preservation, biomaterial creation and a controlled space for microorganisms. 

",Energy,,Slow Tech,https://raw.githubusercontent.com/gerda-meleschkin/slowlab/main/hydrid%20dehydrator%20-%20fab%20challenge%20%232/IMAGES/final1.JPG,Gerda Meleschkin|Julia Steketee|Fiorella Jaramillo|Audrey Belliot|Roberto Broce,https://github.com/gerda-meleschkin/slowlab/blob/main/hydrid%20dehydrator%20-%20fab%20challenge%20%232/README_dehydrator.md
proj046,3D Printing Cookie,2022,Microchallenge 2,Bread can be printed into something like a cookie we found in the article. We decided to 3D print it and exhibit it at the design dialogue as our different perspective/approach to the food waste and compost topic.,Circular Economy | Digital Fabrication | Food Systems,,Circular Materials | Community Resilience | Food Sovereignty,https://raw.githubusercontent.com/terauchi-rei/fabchallange2/main/images/4.jpeg,Rei Terauchi|Emilio Smith,https://github.com/terauchi-rei/fabchallange2
proj047,interactive feedback recorder,2022,Microchallenge 2,"A rotating piece of cardboard sits behind a wooden panel with a slit in it. This panel would be the base for the project: the slit would allow enough space for a marker to trace lines on the piece of paper. Next to the panel, a Kinect would track people's movements, making the pen move up and down according to the participants' replies to Yes/No questions. This way, we could have a collective data sketch allowing us to get feedback from participants at MDEF design dialogues.",Education,,Speculative Futures,https://raw.githubusercontent.com/chris-ernst/fabacademy-challenge-2/main/photos/sketch5.jpg,Tatiana Dugarmaa|Busisiwe Mgwenya|Joaquín Connolly|Christian Ernst,https://github.com/chris-ernst/fabacademy-challenge-2
proj048,Zoetrope Puzzle,2022,Microchallenge 2,"Our zoetrope, is supposed to present 12-frame animations using a strobe light and a rotating disk where the singular “frames” of animation can be attached.",Biomaterials | Sensing & Electronics,,Future of Making,https://user-images.githubusercontent.com/92102729/175807741-7320edd6-6e8e-4f1b-bd50-9f8016f5f768.jpeg,Reuben de Haan|Georges Hanna|Kai Hanzel,https://github.com/gecrgehanna/fabchallenge02
proj049,Critical Design Installation,2022,Microchallenge 2,"This is a critical interactive design to create conversations at the DD, which will make our guests think about how their decisions and actions change something in the future they don't see at the moment and lead them to our individual research questions - about decisions in the present for future generations.",Speculative Design,,Body as Interface,https://raw.githubusercontent.com/Anna-Mestres/fab_challenge_II/main/images/renders-02.png,Borka Prnjak|Anna Mestres,https://github.com/Anna-Mestres/fab_challenge_II
proj050,Museum of Inner Portraits,2022,Microchallenge 2,"an immersive installation with which people can see different situations or emotions represented through 3D motion scanning. In this way we give more weight to language and non-verbal communication, often forgotten in online communication and generate a dialogue between the body and virtuality.",Body & Health,,Body as Interface,https://raw.githubusercontent.com/andrea-arranz/FabLab/main/images/img01.png,Andrea Arranz|Nikita Gusev,https://github.com/andrea-arranz/FabLab/blob/main/README.md
proj051,Sensorial Decisions,2022,Microchallenge 3,ethical tool for generating awareness about how sound affects behaviour and human decisions.,AI & Machine Learning | Art & Music,,Decolonial Design,https://raw.githubusercontent.com/jose-hirmas/fab_challenge_3/main/prototipofinal.jpeg,Joaquín Connolly|José Hirmas|Kai Hanzel|Tatiana Dugarmaa,https://github.com/jose-hirmas/fab_challenge_3
proj052,Public Design Tool,2022,Microchallenge 3,Goal: Tool for collectively reflecting on the effectiveness or meaningfulness of urban (public) design bins by the citizens of the community.,Community Design | Digital Fabrication | Urban Design,,Community Resilience,https://anna-mestres.github.io/fab_challenge_III/images/pedal1.jpg,Angel Cho|Anna Mestres|Borka Prnjak|Roberto Broce,https://anna-mestres.github.io/fab_challenge_III/
proj053,"Oracle - A Hybrid Medium Monitor
",2022,Microchallenge 3,Ethical tool or artefact to interact + monitor relevant data,Food Systems | Sensing & Electronics,,Digital Literacy | Food Sovereignty,https://user-images.githubusercontent.com/92105497/167135523-e3987371-fa26-4edd-89ed-6c055741ff8b.gif,Reuben de Haan|Vikrant Mishra,https://github.com/rubendehaan/fabchallenge3/blob/main/README.md
proj054,Overload,2022,Microchallenge 3,"To create an artefact that visualises consumption of information that happens through screens. We wanted to know what happens when wearables project information outwards instead of just performing the function of data logging which is more inward and personal activity. Also we were interested in exploring What does it mean to ""feel"" the over load of digital information?",Art & Music | Wearables,,Speculative Futures,https://raw.githubusercontent.com/aparna2806/fab-challenge-3/main/images/10.jpg,Aparna Mohan|Dídac Torrent|Nikita Gusev,https://github.com/aparna2806/fab-challenge-3
proj055,Thermometer,2022,Microchallenge 3,Bring more awareness & promote resilient lifestyle. Slow down our way of life.,Circular Economy,,Slow Tech,,Audrey Belliot|Paula Bustos|Gerda Meleschkin,https://github.com/gerda-meleschkin/slowlab/tree/main/thermometer%20-%20fabchallenge%20%233
proj056,Compost Commune Sensor,2022,Microchallenge 3,"sharing data of plants/compost using sensors & the use of energy, generated from the heat of compost",Circular Economy | Co-creation | Community Design | Food Systems,,Circular Materials | Community Resilience | Regenerative Design,https://raw.githubusercontent.com/terauchi-rei/fabchallenge3/main/images/mixer.jpeg,Emilio Smith|Rei Terauchi,https://github.com/terauchi-rei/fabchallenge3
proj057,Conscious Unconscious Artefact,2022,Microchallenge 3,"The idea is to simulate an experience mentioned before using other techniques, using as a dataset of the new artifact, the experiences of the people that participate before.Create an artifact that works as a nexus where the unconscious become concious through its mecanism.",Circular Economy | Energy,,Speculative Futures,https://fiorella-jaramillo.github.io/Fchallenge3/IM/1a.gif,Fiorella Jaramillo,https://fiorella-jaramillo.github.io/Fchallenge3/
proj058,Photobioreactor 2,2022,Microchallenge 3,This new and improved project is a second iteration of our photobioreator from microchallenge 2. This photobioreactor is a space for spirulina to thrive and grow in a controlled environment for cultivation.,Biomaterials,,Energy Transition | Radical Intimacy | Speculative Futures,https://raw.githubusercontent.com/paula-delrio-arteaga/Fabacademy---3/main/Images/final_fabrication_station_2.jpg,Marina Lermant|Pippa Formosa|Paula Bustos,https://github.com/paula-delrio-arteaga/Fabacademy---3
proj059,Procedural Storytelling,2022,Microchallenge 3,"a generative storytelling system, including some procedual visuals to go along with it, running on the Raspberry Pi Zero W.",Speculative Design,,,https://raw.githubusercontent.com/chris-ernst/fabacademy-challenge-3/main/img/5.png,Jeremy Paradie|Christian Ernst,https://github.com/chris-ernst/fabacademy-challenge-3
proj060,MemePAd,2022,Microchallenge 3,"our idea was to explore new means of interaction culture. Revisit nostalgic internet imagaries and appropriating them into a new interface, where the keypad artefact is used a tool for storytelling and expression within the imbedded meanings of meme culture. Our inspirations are from everyday objects, the nostalgic vaporwave movement, discord chatrooms and the beginnings of communication in web 1.0 - the birth era of ASCII Art.",Sensing & Electronics,,Digital Literacy,https://raw.githubusercontent.com/busi-mgwen/Fab-Challenge-3/main/images/p5shapes.gif,Andrea Arranz Sánchez|Busisiwe Mgwenya,https://github.com/busi-mgwen/Fab-Challenge-3
proj061,Light Measurer,2022,Microchallenge 3,"The Light Measurer serves as a gardening assistant in domestic spaces and small gardens to measure the amount of sunlight that hits a specific spot and help the user decide how optimal it is to use the area for a specific purpose.

",Circular Economy | Digital Fabrication,,Circular Materials | Regenerative Design | Water Justice,https://raw.githubusercontent.com/julia-steketee/Fab-Academy-Challenge-3/main/cover.jpeg,Georges Hanna|Julia Steketee,https://github.com/julia-steketee/Fab-Academy-Challenge-3
proj062,Gymkhana,2022,Microchallenge 4,"Gymkhana: an equestrian day event comprising races and other competitions on horseback, typically for children.",Education,,Community Resilience,https://user-images.githubusercontent.com/92103119/171667250-e03af7b8-e132-4cfa-8a08-2a4beb7679eb.png,Kai Hanzel|Anna Mestres,https://github.com/Anna-Mestres/fab_challenge_IV
proj063,Hybrid Ecosystems,2022,Microchallenge 4,Building a bio-based MIDI controller for an interactive audiovisual performance,Art & Music,,Community Resilience,https://github.com/chris-ernst/hybrid-ecosystems/raw/main/0_process/IMG_4211.jpeg,Christian Ernst|Joaquín Connolly|Tatiana Dugarmaa,https://github.com/chris-ernst/hybrid-ecosystems
proj064,Interactive Biotprinter,2022,Microchallenge 4,A digital creative interface with processing where the subject interacts and creates its own prints depending on the way they touch the physical interface which contains a sensor. This generated artwork is turned into a series of coordinates that processing turns into g-code to be sent to the Penploter that our peers from fab academy fabricated.,Sensing & Electronics,,Post-digital Craft,https://github.com/paula-delrio-arteaga/Fabacademy-4/raw/Master/Images/kraken.JPG,Andrea Arranz Sánchez|Paula Bustos,https://github.com/paula-delrio-arteaga/Fabacademy-4
proj065,Biofabrications,2022,Microchallenge 4,“Integrated prototype” that helps your MDEF Project /Fest and integrates a range of units covered.,Biomaterials,,Body as Interface,https://github.com/marina-lermant/fabmicrochallenge4/raw/main/pictures/chall4plastics.png,Marina Lermant|Julia Steketee|Roberto Broce,https://github.com/marina-lermant/fabmicrochallenge4
proj066,Non-Human Interface,2022,Microchallenge 4,"The project is to create a mechanism that read the distance/movements of your hands while you are interacting with another non-human, having a dataset of audios as inputs to stimulate your memories. And to have a reading of these movements to provoke speculations if this types of interfaces can be done in spirituals contexts.",Speculative Design,,Interspecies Collaboration,https://fiorella-jaramillo.github.io/microCH4/IM/ring.jpg,Fiorella Jaramillo,https://fiorella-jaramillo.github.io/microCH4/
proj067,Slow Daily Devices,2022,Microchallenge 4,"For this challenge, we we all interested in different topics, which we wanted to include in our MDEFests. So we worked on a collection of artefacts that can be part of the ""slow"" and low tech daily routines we want to promote: a Clay printed wine cooler to refresh bottles using the principle of evaporation, a Small version of a solar oven to attach to any window and that rotates to follow the sun, Generator of electricity on the bike to power a device, Bike generator (static bike) for homes to power 12-24V devices at 175-350W


",Craftsmanship,,Slow Tech,,Audrey Belliot|Paula Bustos|Gerda Meleschkin,https://github.com/gerda-meleschkin/slowlab/blob/main/slow%20daily%20devices%20-%20fab%20challenge%20%234/README_slowdevices.md
proj068,Compost Project Part 1,2022,Microchallenge 4,"ur compost final project has two approaches now and we are working separately to archive the goal. The one approach is community level, making a co-design compost bin in a local community garden in Poblenou with super local people. The other approach is platform level, making online platform to make compost networks over the world, where people can share open source knowledge and skills. In our theory, by developing these both approaches will lead us to accomplish the compost making as people's daily activity by introducing small and big perspectives.",Circular Economy | Co-creation | Community Design | Food Systems,,Collective Intelligence | Community Resilience | Food Sovereignty,https://github.com/terauchi-rei/fabchallenge4/raw/main/images/human2.jpeg,Rei Terauchi,https://github.com/terauchi-rei/fabchallenge4/blob/main/FabAcademy%20Challenge%203rd.md
proj069,Compost Project Part 2,2022,Microchallenge 4,"The commitment I made with the community just for these weeks are:

Commitment 1.- Finish and test the lid for starting using the composter.
Commitment 2.- Generate an user manual, interface for the community use of the compost.
Pending
Derivate of the process they have been emerging different needs and enquires about how the compost is eventually going to integrate and regenerate the soil, so with that in mind we define another commitment:

Commitment 3.- Prepare a guide and toolkit for testing the soil and comparing it with the compost, and evaluate the health of the soil by chemical, physical and biological testing.
Pending
Commitment 4.- Evaluation performance. Evaluate how well is working to make changes or adjustments, so in this part we are going to try the different sensor and empower people to use them and react from the data received.
Pending",Circular Economy | Co-creation | Community Design | Food Systems,,Collective Intelligence | Community Resilience | Food Sovereignty,https://github.com/emiliosmith/MicrochallengeIV/blob/main/Images/Compsot_2.jpg?raw=true,Emilio Smith,https://github.com/emiliosmith/MicrochallengeIV.git
proj070,Sensing Ball,2022,Microchallenge 4,"An gamified audiovisual system, to capture different perception of different environments. Capturing movements, sounds and sensing of materials. Visualizing the movements of the body in a space, the connection with different materials in the natural or builr environment.",Body & Health,,Circular Materials,https://github.com/emiliosmith/MicrochallengeIV/raw/main/Images/Compsot_1.jpg,Borka Prnjak|Dídac Torrent|Pippa Formosa,https://github.com/philippa-Formosa/Microchallenge-4
proj071,Creatures of Eden,2022,Microchallenge 4,"The concept of the project was using point cloud photogrammetry, Unity and VR tools to create a visual essay. The concept of the story is a an experience of a traveler in a dream, finding themselves and the meaning of Metamorphosis. The question we wanted to answer, was how can we merge the worlds of storytelling and symbolism and VR. We aimed to intertwined symbolism and realism through imaginative realities that virtual reality offers.

",Speculative Design | VR & AR,,Digital Literacy,,Busisiwe Mgwenya|Nikita Gusev,https://github.com/busi-mgwen/Fab-Cha-enge-4
proj072,Digital Narratives,2022,Microchallenge 4,A series of digital narratives that provoke the user to look at the world through the lens of parasitic relationships and further investigate the characteristics that define our role and behaviours as a parasite. I worked on miro gathering inspiration and read some more reading material.,,,,https://github.com/aparna2806/Fab-Academy/raw/main/images/3thesis.png,Aparna Mohan|Georges Hanna,https://github.com/aparna2806/Fab-Academy/blob/main/microchallenge4.md
proj073,Food-specific tools,2022,Microchallenge 4,"Drawing inspiration from ancient knowledges from three different localities around the globe, we reflect on how past traditions can be used to imagine and speculate on the rituals of our future.  How can traditional knowledge be used to intelligently reflect on future scenarios? • How can indigenous craft be used as a tool for re-imagining and reflecting on our current crises? Goals: Build a speculative tool around future food-related scenarios. +. Engage people in conversations on how we can use traditional knowledge systems to inform our future.
",Craftsmanship,,Community Resilience | Decolonial Design,https://github.com/angel-cho/mdef22/raw/eb952199aea77e6c0bd5e48284c655788e8a8c89/imgs/mc4-3dp.gif,Angel Cho|Vikrant Mishra|Reuben de Haan,https://github.com/rubendehaan/fabchallenge4/
proj074,Perception board,2023,Microchallenge 1,We had an idea to design a perception map to visualize in an analog way how children and teenagers feel in regards to certain subjects. This tool would be used as a debate prompt and as a data visualization tool.,Art & Music | Co-creation | Community Design | Data Visualization | Education,"eg imput and output , 3D printing",Body as Interface | Decolonial Design | Digital Literacy | Energy Transition,https://i.imgur.com/rcXHXSW.jpg,Jimena Salinas Groppo|Ariel Nava|Wen Chua,https://github.com/wenqianchua/microchallenge-01
proj075,Sens Hort,2023,Microchallenge 1,"After brainstorming various ideas related to water and urban (domestic) horticulture, we landed on the idea of making a device that senses a few properties of water that are relevant for plants (temperature, electric conductivity, pH).

",Food Systems | Water Systems,,AI Governance | Community Resilience | Regenerative Design | Urban Ecology | Water Justice,https://i.imgur.com/F625k6U.jpg,Josephine Bourghardt|Cagsun Acemoglu|Korbi Richter|Ramiro Argandoña,https://hackmd.io/@Kgea_wTSQ1i-eiGs2APlag/HJ5MJ6sTj https://github.com/ramiroarga/WATER
proj076,Museum Of Colonialization,2023,Microchallenge 1,"We design a first prototype for a transparent gumball machine that contains easily digestible, fun(?) facts about the colonisers who have shaped the city.",Decolonial Design | Education | Speculative Design,,Radical Intimacy | Speculative Futures,https://github.com/stella-dikmans/MOC/raw/main/imagery/final.jpg,Carolina Alves|Stella Dikmans|Marielle Lévy,https://github.com/stella-dikmans/MOC
proj077,Heart Aura,2023,Microchallenge 1,"By collecting heart rate data from ECG sensors, calculating HRV of a user, and visualizing this information in an engaging format, we could allow users to understand their bodily states and redirect them towards states of higher benefit.",Body & Health | Sensing & Electronics,,Body as Interface | Digital Literacy,https://github.com/dhritidhoka/Microchallenge1/raw/main/images/fabrication.jpg,Antonio Silva|Dhriti Dhoka,https://github.com/dhritidhoka/Microchallenge1.git
proj078,Biomaterial Press,2023,Microchallenge 1,A biometrial Press to create modular tableware  for the biodesign dinners,AI & Machine Learning | Biomaterials | Circular Economy,,AI Governance | Circular Materials | Regenerative Design,https://i.imgur.com/yjBMOMh.jpg,Paige Perrill|June Boun-kum|Sami Piercy,https://github.com/PaigePerill/gotaplatemold-
proj079,Tile Deco,2023,Microchallenge 1,"A DIY ToolKit to design and decorate tiles and build unique pattern combinations ""Playing in the physical and converting it to the digital""

",Craftsmanship | Digital Fabrication,,Post-digital Craft | Slow Tech,https://github.com/paresmarc/tiledeco/raw/main/images/design/design1.jpg,Semih Çağlar Alkan|Ahmed Yakout|Marc Pares,https://github.com/paresmarc/tiledeco
proj080,Andazaa,2023,Microchallenge 1,"We are creating a tool that will encode audio messages into physical objects, which will then be retrieved and sonified. it will read or listen the messages we give and will engrave them on ceramics. Cups, pots and other things will be carriers of our stories and will travel through time. It is a concept that deals with continuity and archiving.

",Art & Music | Memory & Heritage,,Digital Literacy,https://github.com/SeherKrishna02/Andaaza/raw/MDEF/docs/images/DD2_Posters-01.png,Seher Krishna|Myrto Papaevangelou|Amanda Jarvis,https://github.com/SeherKrishna02/Andaaza
proj081,Drugs - You Better Know,2023,Microchallenge 1,"We want to help people to make informed and responsible choices, raising awareness about substances in circulation and reducing the chance of drug-related problems.",Social Justice,,Decolonial Design,https://github.com/mdhelomme/MicroChallengeI/raw/main/images/phone.jpg,Marianna de Helomme|Claudia Valenzuela,https://github.com/mdhelomme/MicroChallengeI
proj082,Perception Board (The Speaker Mic),2023,Microchallenge 2,Perception board v2 for facilitating debate sessions with children regarding the future,Data Visualization | Education,,Speculative Futures,https://i.imgur.com/M4rZzRt.jpg,Jimena Salinas Groppo|Ariel Nava|Wen Chua,https://github.com/jimenasalinasgroppo/microchallenge-02
proj083,Museum Of Colonialization V2,2023,Microchallenge 2,Portable Museum of Colonization. A button that once pressed stamps a colonial artifact and registers the GPS location of the stamping.,Decolonial Design,,Decolonial Design,https://github.com/stella-dikmans/MOC-II/raw/main/imagery/stamp.JPG,Marielle Lévy|Carolina Alves|Stella Dikmans,https://github.com/stella-dikmans/MOC-II/blob/main/README.md
proj084,Confessional,2023,Microchallenge 2,Confessional where to gather personal experiences about drug use,Sensing & Electronics,,Decolonial Design,https://clodbe0.github.io/MDEF22/images/drugs/ddi.JPG,Claudia Valenzuela|Marianna de Helomme,https://github.com/clodbe0/Microchallenge-II/tree/main
proj085,Interspecies Tarot,2023,Microchallenge 2,A box to communicate the objective of the Interspecies Tarot.,Interspecies & Non-human,,Interspecies Collaboration | Non-human Agency | Post-digital Craft,https://i.imgur.com/Ujp0hGR.jpg,Paige Perrill,https://github.com/PaigePerill/InterspeciesTarot
proj086,Pixel Cube,2023,Microchallenge 2,Modular system to create digital models through physical interaction.,Digital Fabrication,,Future of Making,https://raw.githubusercontent.com/paresmarc/pixelcubes/main/images/cutcubes.png,Semih Çağlar Alkan|Marc Pares|Ahmed Yakout,https://github.com/paresmarc/pixelcubes
proj087,Microplastic Sifter,2023,Microchallenge 2,A tool to collect the microplastics and weigh them for the beach cleaning sessions,Water Systems,,Decolonial Design | Water Justice,https://i.imgur.com/IxheyY1.jpg,Sami Piercy|June Boun-kum|Josephine Bourghardt,https://github.com/josephinebourghardt/SeaPollution
proj088,Heart Aura V2,2023,Microchallenge 2,"By collecting heart rate data from ECG sensors, calculating HRV of a user, and visualizing this information in an engaging format, we could allow users to understand their bodily states and redirect them towards states of higher benefit.
",Body & Health | Sensing & Electronics,,Body as Interface | Digital Literacy,https://user-images.githubusercontent.com/114681912/226209090-e504d113-1363-4d91-b374-5f3630b5a2d5.jpg,Antonio Silva|Dhriti Dhoka,https://github.com/dhritidhoka/Microchallenge-II/blob/main/README.md
proj089,Greywater Vortex,2023,Microchallenge 2,System for reusing greywater in an urban environment.,AI & Machine Learning | Circular Economy | Urban Design | Water Systems,,Urban Ecology | Water Justice,https://camo.githubusercontent.com/4319838e2507c4adf6a9fbc20fef6bb2f678647f40f638d3f911bd8a21cd7208/68747470733a2f2f692e696d6775722e636f6d2f674e37313739442e6a7067,Cagsun Acemoglu|Korbi Richter|Ramiro Argandoña,https://github.com/ramiroarga/Microchallenge-II/tree/main
proj090,Andazaa V2,2023,Microchallenge 2,"We are creating a tool that will encode audio messages into physical objects, which will then be retrieved and sonified. it will read or listen the messages we give and will engrave them on ceramics. Cups, pots and other things will be carriers of our stories and will travel through time. It is a concept that deals with continuity and archiving.",Art & Music | Memory & Heritage,,Digital Literacy,https://github.com/SeherKrishna02/Andaaza/blob/MDEF/docs/images/processing_lines01.png?raw=true,Seher Krishna|Myrto Papaevangelou|Amanda Jarvis,https://github.com/SeherKrishna02/Andaaza/blob/MDEF/README.md
proj091,Teacher Dashboard,2023,Microchallenge 3,"Digital web interface that allows school students to generate an AI-based image out of their imagined futures in relation to zoos, parks, schools and sports.",Education | Speculative Design,"""AI-powered design process We started asking Chat GPT how to visualize the futures imagined by the children and to walk us step by step into how to use Dall-E or midjourney to create these images. We also used a Figma plug in to outline a first draft for the app using Wire Gen"" ",Speculative Futures,https://hackmd.io/_uploads/HyUafVzS3.png,Jimena Salinas Groppo|Ariel Nava|Wen Chua,https://github.com/jimenasalinasgroppo/microchallenge-03
proj092,Future Cravings AR,2023,Microchallenge 3,"a series of interactive posters, using AR and 3D visuals to show the experience virtually. In doing so we can make our 2D posters engaging and playful.",Art & Music | Sensing & Electronics,,Circular Materials | Energy Transition,https://user-images.githubusercontent.com/115216167/239500124-e2f24917-8fa4-4443-a2f1-1a2e9ac1551c.jpg,Josephine Bourghardt|Sami Piercy|June Boun-kum,https://github.com/samipiercy/futurecravings_microchallenge3
proj093,HRV and Conceptualizing Quantified Data,2023,Microchallenge 3,"Biofeedback installations to visualize Heart Rate Variability (HRV). Aim tp facilitate understanding of the data transmitted by our nervous systems, thus empowering individuals to modulate their bodily states and enhance their overall wellbeing.",Body & Health | Sensing & Electronics | VR & AR,"Touch Designer, Python, OpenHRV Open Sourced Interface
 ",Body as Interface | Post-digital Craft,https://raw.githubusercontent.com/mdhelomme/MicroChallengeIII/main/Imagens/auragif.gif,Marianna de Helomme|Antinio|Claudia Valenzuela,https://github.com/mdhelomme/MicroChallengeIII
proj094,Flowing Futures Installation,2023,Microchallenge 3,"As the world faces increasing challenges related to water scarcity and environmental sustainability, innovative solutions are needed to promote efficient use of water resources. One such solution is the implementation of grey water filtering systems, which allow for the reuse of wastewater from household and commercial activities.",Body & Health | Circular Economy | Climate | Energy | Urban Design | Water Systems,Automated pump + Arduino,Urban Ecology | Water Justice,https://user-images.githubusercontent.com/115219057/240878704-7086dcc6-99ff-49da-aa6e-9ebbc167feb0.png,Ramiro Argandoña|Cagsun Acemoglu|Korbi Richter,https://github.com/ramiroarga/Microchallenge-3
proj095,DIgital Tiles Installtion,2023,Microchallenge 3,Digital Tiles — A DIY ToolKit to design and build tiles through a process that combines physical interaction and digitalisation.,Craftsmanship | Digital Fabrication,"Open CV and Python + Chat GPT 
",Future of Making,https://raw.githubusercontent.com/paresmarc/digitaltiles/main/images/final.jpg,Semih Çağlar Alkan|Ahmed Yakout|Marc Pares,https://github.com/paresmarc/digitaltiles
proj096,Museum of Colonisation Tour,2023,Microchallenge 3,a Human Interface for the Museum of Colonization.,Decolonial Design,Armadillo,Decolonial Design,https://user-images.githubusercontent.com/115220257/239552558-afa1a3ae-52f1-4659-b957-3c4f1ac55c84.png,Marielle Lévy|Carolina Alves,https://github.com/stella-dikmans/MOC-III
proj097,More than AI,2023,Microchallenge 3,an interactive installation where humans and artificial intelligences collaborate in unprecedented ways to co-create a story.,,"We use a “LangChain” framework for developing applications that deal with language models, we use a “GPT” language model by “OpenAI” with the “davinci” configuration, we use the open-source web framework “Flask” that is written in “python” to make our application a responsive webpage and we use “SpeechRecognition” which is a pre-built interface of “javascript” to transform audio (speech) to text. In our coding environment we use python, javascript, HTML and CSS. We work with open-source software and have our codes in a repo for everyone to access.",,https://user-images.githubusercontent.com/115214510/239524941-54f7453d-3b95-4400-b2c7-ac3b2d376cc3.png,Stella Dikmans,https://github.com/mypappa/morethanai
proj098,Andazaa,2023,Microchallenge 3,"We are creating a tool that will encode audio messages into physical objects, which will then be retrieved and sonified. it will read or listen the messages we give and will engrave them on ceramics. Cups, pots and other things will be carriers of our stories and will travel through time. It is a concept that deals with continuity and archiving.",Art & Music | Memory & Heritage,,Digital Literacy,https://raw.githubusercontent.com/SeherKrishna02/Andaaza/MDEF/docs/images/DD2_Posters-01.png,Amanda Jarvis|Seher Krishna,https://github.com/SeherKrishna02/Andaaza
proj099,Talk to the city,2024,Microchallenge 1,City companion that gives the opportunity to the citizens to talk to the city and (maybe) recieve feed back from her.,Art & Music | Co-creation | Community Design | Urban Design,,,https://camo.githubusercontent.com/fe15b1368b6488e142ed82079a1fa09106ff5fa4567cdceae49f788aaff1a462/68747470733a2f2f6861636b6d642e696f2f5f75706c6f6164732f4279425645333373362e706e67,Nuria Alabart|Marius Schairer,https://github.com/marius-schairer/MicroChallenge/tree/main
proj100,Collaborative Design Participation with Immersive Tech,2024,Microchallenge 1,Collaborative Design Participation with Immersive Tech,Education | VR & AR,,,https://jdlm92.github.io/MDEFsite/images/Microchallenges/Microchallenge.jpeg,Jorge de la Mora|Dhrishya Ramadass,https://github.com/DhrishyaRamadass/Microchallenge1
proj101,DIY Bio-Electrical earring,2024,Microchallenge 1,Bio-Electrical earring which reacts to head movements by modifying sound in real time. MicroChallenge1_Dudu&Nick,Art & Music | Biomaterials | Body & Health | Circular Economy,,,https://raw.githubusercontent.com/33dudu/Microchallenge-I/main/IMG_7505.JPG,Qianyin Du|Nicolò Baldi,https://github.com/33dudu/Microchallenge-I
proj102,Energy Monitors,2024,Microchallenge 1,Creating an open source energy (hopefully self learning) monitoring system dedicated to helping you understand your energy consumption,Energy | Sensing & Electronics,,,https://private-user-images.githubusercontent.com/147051108/305470198-00cf271e-55ce-49c4-b0b1-acdcb7c74ee9.png?jwt=eyJhbGciOiJIUzI1NiIsInR5cCI6IkpXVCJ9.eyJpc3MiOiJnaXRodWIuY29tIiwiYXVkIjoicmF3LmdpdGh1YnVzZXJjb250ZW50LmNvbSIsImtleSI6ImtleTUiLCJleHAiOjE3Mzg2MzgwODIsIm5iZiI6MTczODYzNzc4MiwicGF0aCI6Ii8xNDcwNTExMDgvMzA1NDcwMTk4LTAwY2YyNzFlLTU1Y2UtNDljNC1iMGIxLWFjZGNiN2M3NGVlOS5wbmc_WC1BbXotQWxnb3JpdGhtPUFXUzQtSE1BQy1TSEEyNTYmWC1BbXotQ3JlZGVudGlhbD1BS0lBVkNPRFlMU0E1M1BRSzRaQSUyRjIwMjUwMjA0JTJGdXMtZWFzdC0xJTJGczMlMkZhd3M0X3JlcXVlc3QmWC1BbXotRGF0ZT0yMDI1MDIwNFQwMjU2MjJaJlgtQW16LUV4cGlyZXM9MzAwJlgtQW16LVNpZ25hdHVyZT0yYTYwZmVmODAxZDY1NjQ3YzM1OTRkMmU5NmE0N2RhZDFhYTUzZTZlZmI3OTY5YTVjMDU2NGUxM2M4MmYwODA1JlgtQW16LVNpZ25lZEhlYWRlcnM9aG9zdCJ9.z8-BSNVI9DOm-U7VYz5-7qct84SIj34Si7fU4CpnX8Q,Carlotta Hylkema|Oliver Lloyd,https://github.com/Oliver-Lloyd-MDEF/MDEF-Microchallenge-1-Energy-Monitors
proj103,AnxietySensor,2024,Microchallenge 1,Electronic wearable that helps you relax and notifies others that you are stressed,Digital Fabrication,,,https://github.com/carmenrobres/microchallenge1/raw/main/IMG_2515.JPEG,Sophie Murphy|Carmen Robres,https://github.com/carmenrobres/microchallenge1
proj104,Nature patterns: Secret Languages,2024,Microchallenge 1,"Create a system for the capture, representation and interpretation of languages ​​of nature",AI & Machine Learning | Interspecies & Non-human | Sensing & Electronics,,,https://github.com/AnthuanetF/Micro-Challenge-MDEF24/raw/main/recursosMicrochallenge/images/Curcuma.png,Anthuanet Fernández|Albert Cometa,https://github.com/AnthuanetF/Micro-Challenge-MDEF24/blob/main/Microchallenge1.md
proj105,ThermoElectric Generator,2024,Microchallenge 1,How might we develop an installation that effectively utilises the difference in heat energy or uses waste heat energy to drive an interactive digital visualisation.,Circular Economy | Climate | Energy | Urban Design,,,https://github.com/Flo304/MicroChallengeManujaFlora/blob/main/trimiteg1.gif?raw=true,Manuja Agnihotri|Flora Berkowitz,https://github.com/FloraRoseBerkowitz/MicroChallengeManujaFlora.git
proj106,Detecting the surroundings,2024,Microchallenge 1,"Series of investigation on electronic wearables that detect the surroundings and the interations with them, and thaty translate it in a digital visualization",Art & Music | Data Visualization,,,https://camo.githubusercontent.com/3c3d045a0f95f2fc7578accf5c1b247a3158473b6449309cc334d85f3b1e6ceb/68747470733a2f2f6861636b6d642e696f2f5f75706c6f6164732f486b66503052686a702e6a7067,Anna Fedele|Anna Borreguero,https://github.com/annafedele/microchallenge_I
proj107,Trashy,2024,Microchallenge 1,Trashy: An exploration on making and crafting with waste materials,Circular Economy | Digital Fabrication,,,https://hackmd.io/_uploads/HkmvKpnjT.jpg,Panchi Soubrier|Minnie Scott,https://hackmd.io/@kotsengkuba/Bk007Xco6
proj108,Myco-farm,2024,Microchallenge 1,Imagining different ways of relating with other living beings,Circular Economy | Digital Fabrication,,,https://github.com/jmuozan/Myco-farm/raw/main/IMGS/Final/Final.jpeg,Everardo Castro|Jorge Muñoz,https://github.com/jmuozan/Myco-farm
proj109,Pixel Cubes,2024,Microchallenge 2,Modular system to create digital models through physical interaction.,Craftsmanship | Digital Fabrication,,,https://github.com/paresmarc/pixelcubes/blob/main/images/gridarduino.png?raw=true,Çaglar|Ahmed Yakout|Marc Parés Fabrellas,https://github.com/paresmarc/pixelcubes
proj110,LAIA - City Bot,2024,Microchallenge 2,"A AI bot impersonating the city, running on a raspberry pi and arduino with LED stripes and an action button.",AI & Machine Learning | Art & Music | Co-creation | Community Design,,,https://camo.githubusercontent.com/d115f26d296a86b9ea2ccce846f575aca545c846635867f3871cb31983b432cc/68747470733a2f2f6861636b6d642e696f2f5f75706c6f6164732f4279444e666e4561362e706e67,Nuria Alabart|Marius Schairer,https://github.com/LAIA-GitHub/MicroChallengeII
proj111,Energy-Bot,2024,Microchallenge 2,Energy monitoring and interaction bot for understanding energy consumption.,,,,https://private-user-images.githubusercontent.com/147051108/311244851-dc17ed3a-15e2-4cfc-94a4-849b00022b9c.png?jwt=eyJ0eXAiOiJKV1QiLCJhbGciOiJIUzI1NiJ9.eyJpc3MiOiJnaXRodWIuY29tIiwiYXVkIjoicmF3LmdpdGh1YnVzZXJjb250ZW50LmNvbSIsImtleSI6ImtleTUiLCJleHAiOjE3NzkzOTg1ODAsIm5iZiI6MTc3OTM5ODI4MCwicGF0aCI6Ii8xNDcwNTExMDgvMzExMjQ0ODUxLWRjMTdlZDNhLTE1ZTItNGNmYy05NGE0LTg0OWIwMDAyMmI5Yy5wbmc_WC1BbXotQWxnb3JpdGhtPUFXUzQtSE1BQy1TSEEyNTYmWC1BbXotQ3JlZGVudGlhbD1BS0lBVkNPRFlMU0E1M1BRSzRaQSUyRjIwMjYwNTIxJTJGdXMtZWFzdC0xJTJGczMlMkZhd3M0X3JlcXVlc3QmWC1BbXotRGF0ZT0yMDI2MDUyMVQyMTE4MDBaJlgtQW16LUV4cGlyZXM9MzAwJlgtQW16LVNpZ25hdHVyZT01OWNlNTFiMjljZDNhNTFiYjQ3N2I2MTU2OTFmZDVhNTRhYjQwYzJhYmNmMjE3NTdlYjMxZmVhYjVlYTEwMTAzJlgtQW16LVNpZ25lZEhlYWRlcnM9aG9zdCZyZXNwb25zZS1jb250ZW50LXR5cGU9aW1hZ2UlMkZwbmcifQ.TcAcbEIj_P0J91RX_PRgR3P5WKZoGtL5rTBkK_fm4kA,Carlotta Hylkema|Oliver Lloyd,https://github.com/ChylkemaMDEF/MicroChallenge-2-Energy-Bot
proj112,AI Generated Holograms,2024,Microchallenge 2,AI generated holograms as interactive visualization medium.,,,,https://github.com/jmuozan/AI-generated-holograms/blob/main/IMG_MD/Final_result.gif?raw=true,Jorge de la Mora|Vania Bisbal,https://github.com/jmuozan/AI-generated-holograms
proj113,Wearable Sensor System,2024,Microchallenge 2,Adapted wearable sensor system for data collections to realize artistic output.,Art & Music,,,https://camo.githubusercontent.com/757fd5051907a960dc750e46cf95a54f2dd6c8d3035249bc2062f5e053675a67/68747470733a2f2f6861636b6d642e696f2f5f75706c6f6164732f42316d3944557741542e6a7067,Anna Fedele|Carmen Robres,https://github.com/annafedele/microchallenge-II
proj114,Kinetic Trash Installation,2024,Microchallenge 2,"Kinetic installation made of trash exploring waste, waves and sensing.",Circular Economy,,,,Minnie Scott|Panchi Soubrier,https://github.com/kotsengkuba/mdef-microchallenge-2
proj115,Bacterial Intelligence Visualization,2024,Microchallenge 2,Using bacterial intelligence to represent it visually - unconventional ways of producing electricity.,AI & Machine Learning | Biotech & Synbio | Energy | Urban Design,,,,Manuja Agnihotri|Flora Berkowitz,https://github.com/manujaagnihotri/Micro-Challenge-2
proj116,DR. CHLADNI,2024,Microchallenge 2,DR. CHLADNI - exploring nature languages through sensors and AI.,AI & Machine Learning | Sensing & Electronics,,,,Anthuanet Fernández|Albert Cometa,https://github.com/AnthuanetF/Micro-Challenge-MDEF24/blob/main/Microchallenge2.md
proj117,GAIA,2024,Microchallenge 2,GAIA: Symbiotic Relationships in between Computers and Organic Matter.,,,,,Nicolò Baldi|Everardo Castro|Qianyin Du|Anna Borreguero,https://github.com/niente010/GAIA
proj118,Future Portals,2024,Microchallenge 2,Future Portals: Visualise the effects of Policies through VR immersive experiences.,Co-creation | Community Design | Digital Fabrication | Social Justice | VR & AR,,,,Sophie Murphy|Jorge de la Mora|Dhrishya Ramadass,https://github.com/sophma/microchallenge2
proj119,LAIA - Collective Intelligence,2024,Microchallenge 3,Development of Laia into a collective intelligence fed by local community knowledge.,AI & Machine Learning | Art & Music | Co-creation | Community Design,,,,Marius Schairer|Nuria Alabart,https://github.com/marius-schairer/MicroChallange3-LAIA
proj120,Energy Awareness Experience,2024,Microchallenge 3,Creating the first experience that people will have to create awareness of what the energy problem is.,AI & Machine Learning | Art & Music | Energy | Urban Design,,,,Carlotta Hylkema|Oliver Lloyd,https://github.com/ChylkemaMDEF/ChylkemaMDEF-MicroChallenge03
proj121,interaVOGUE,2024,Microchallenge 3,interaVOGUE - interactive fashion and movement project.,,,,,Francisca Araya|Everardo Castro,https://github.com/everardocastro/Microchallenge-3
proj122,Surveillance Wearable,2024,Microchallenge 3,A wearable that embodies surveillance and reacts to what is detected.,Social Justice | Surveillance & AI Ethics,,,,Anna Fedele|Carmen Robres,https://github.com/carmenrobres/microchallenge3
proj123,ML Sequence Recognition,2024,Microchallenge 3,Machine Learning for sequence recognition applied to craftsmanship gestures.,AI & Machine Learning | Craftsmanship,,,,Jorge Muñoz,https://github.com/jmuozan/ML_Sequence_Recognition
proj124,Valentino,2024,Microchallenge 3,Valentino - interactive wearable project.,,,,,Nicolò Baldi|Ana Tutunaru,https://github.com/niente010/Valentino
proj125,Soil Data Connection,2024,Microchallenge 3,Connecting to soil data through touching soil with your feet - speculative body-earth interface.,Art & Music | Biotech & Synbio | Body & Health | Food Systems | Speculative Design,,,,Manuja Agnihotri|Flora Berkowitz|Dhrishya Ramadass,https://github.com/manujaagnihotri/Micro-Challenge-3
proj126,Virtual Catalan Elections,2024,Microchallenge 3,Virtual Catalan Elections - speculative political participation through VR.,,,,,Jorge de la Mora|Sophie Murphy,https://github.com/sophma/microchallenge3
proj127,Planta Vibras,2024,Microchallenge 3,Planta Vibras - exploring nature languages through plant vibrations and vegetal cognition.,Interspecies & Non-human | Sensing & Electronics,,,,Albert Cometa|Anthuanet Fernández,https://github.com/AnthuanetF/Micro-Challenge-MDEF24/blob/main/Microchallenge3.md
proj128,TOP-down / BOTTOM-up,2024,Microchallenge 3,"Showcasing the potential of repurposing and cherishing discarded materials, turning them alive.",Circular Economy | Mobility,,,,Qianyin Du|Qianyin Du,https://github.com/33dudu/MicrochallengeIII
proj129,Community Garden Management Board,2025,Microchallenge 1,Modular task management board for a community garden combining digital fabrication and co-creation.,Co-creation | Community Design | Digital Fabrication | Food Systems,,,https://hackster.imgix.net/uploads/attachments/1820853/_od5KrFVHd1.blob?auto=compress&w=1600&h=1200&fit=min&fm=jpg,Andrea Santi|Maximilian Becht,https://www.hackster.io/530725/community-garden-management-board-2c8aef
proj130,Bio-Fabrication Space,2025,Microchallenge 1,Modular system of three versatile panels as physical and digital hub for a community of researchers and makers exploring biomaterials.,Co-creation | Community Design | Education,,,https://hackster.imgix.net/uploads/attachments/1819797/_c6GkAa7B6B.blob?auto=compress&w=1600&h=1200&fit=min&fm=jpg,Maithili Sathe|Belén Comotto|Maria Vittoria Colombo,https://www.hackster.io/biofabrication/bio-frabrication-space-fadf0e
proj131,Socio-Amply,2025,Microchallenge 1,A double purpose object: passive sound amplifier and support surface (sitting or table).,Community Design | Craftsmanship | Digital Fabrication,,,https://hackster.imgix.net/uploads/attachments/1819057/_IfDSEr4E9t.blob?auto=compress&w=1600&h=1200&fit=min&fm=jpg,Flavio Grimaldi|David Granizo Calero,https://www.hackster.io/mdef-micro-challenge/socio-amply-8eae71
proj132,Digital Poison,2025,Microchallenge 1,A stealth infection device disguised as a bottle that connects to Wi-Fi and spreads specific content to other devices by repeatedly playing videos.,Digital Fabrication | Sensing & Electronics | Surveillance & AI Ethics,,,https://hackster.imgix.net/uploads/attachments/1839520/_OevvQrt6dt.blob?auto=compress&w=1600&h=1200&fit=min&fm=jpg,Lucretia Field|Auxence Daillen|Ramon Prat,https://www.hackster.io/lucretiafield/digital-poison-70c4ce
proj133,Bio-Electronic Interface,2025,Microchallenge 1,Bio-electronic interface that visualizes autonomic responses by combining sweat pH sensing and ferrofluid microfluidics.,Biomaterials | Sensing & Electronics | Wearables,,,https://hackster.imgix.net/uploads/attachments/1839180/_HBXH4YPyBf.blob?auto=compress%2Cformat&w=900&h=675&fit=min,Carlos Da Silveira|Ziming Shang|Javier Serra,https://www.hackster.io/carlosalbertodasilveira/bio-electronic-interface-for-body-response-e6a327
proj134,Food Consent,2025,Microchallenge 1,Interactive table with sensor-equipped sourdough that evaluates participants' compatibility - exploring food as an active decision-maker.,Biomaterials | Food Systems,,,https://hackster.imgix.net/uploads/attachments/1818877/_RYzGX0jX95.blob?auto=compress&w=1600&h=1200&fit=min&fm=jpg,Mohit Chopra|Kevin Enriquez,https://www.hackster.io/the-foodlings/food-consent-353ddd
proj135,Human-Microenvironment Interaction,2025,Microchallenge 2,Interactive wearable artifact to connect through the heartbeat to a microorganism-filled world through vibrations.,AI & Machine Learning | Art & Music | Biotech & Synbio | Body & Health | Data Visualization | Sensing & Electronics | Wearables,,,https://hackster.imgix.net/uploads/attachments/1828375/_4Q2eDj90bN.blob?auto=compress&w=1600&h=1200&fit=min&fm=jpg,Kevin Enriquez|Belén Comotto|Ziming Shang|Maria Vittoria Colombo,https://www.hackster.io/mariavittoriacolombo/human-microenvironment-interaction-99b73f
proj136,Form Follows Life,2025,Microchallenge 2,Using machine learning to analyse the movement and interactions of ants to influence G-code and print an object with clay - co-designing with nature.,Craftsmanship | Digital Fabrication,,,https://hackster.imgix.net/uploads/attachments/1828632/inshot_20250308_094959671_Iomoy0hGgq.gif?auto=format%2Ccompress&gifq=35&w=1600&h=1200&fit=min&fm=jpg,Paula Rydel|Javier Serra|Maithili Sathe,https://www.hackster.io/group-2/form-follows-life-b5a7a0
proj137,Crowd Sensing,2025,Microchallenge 2,Interactive dialog between individual-machine-crowd through live video recognition and visual stimulus.,AI & Machine Learning,,,https://hackster.imgix.net/uploads/attachments/1828013/_2J6RWOizp0.blob?auto=compress&w=1600&h=1200&fit=min&fm=jpg,Maximilian Becht|David Granizo Calero,https://www.hackster.io/davidgranzioc/crowd-sensing-710fba
proj138,3D Hand Canvas,2025,Microchallenge 2,"The project enables you to draw, sculpt, and do pottery in 3D using hand gestures, view in hologram and export for 3D prints.",Sensing & Electronics,,,https://hackster.imgix.net/uploads/attachments/1828452/untitled_video_-_made_with_clipchamp_(5)_8cRDMj5vIn.gif?auto=format%2Ccompress&gifq=35&w=1600&h=1200&fit=min&fm=jpg,Auxence Daillen|Mohit Chopra,https://www.hackster.io/auxencedaillen/3d-hand-canvas-3b4e40
proj139,"Unplugging Capitalism, Rooting into Reality",2025,Microchallenge 2,VR experience powered by the earth itself using a soil battery to generate energy - the user becomes a tree or plant.,Energy | Food Systems | Sensing & Electronics | VR & AR,,,https://hackster.imgix.net/uploads/attachments/1828677/_RxeAutvAEB.blob?auto=compress&w=1600&h=1200&fit=min&fm=jpg,Andrea Santi|Ramon Prat,https://www.hackster.io/ramon-and-andrea-micro-challange-2/unplugging-capitalism-rooting-into-reality-e464d8
proj140,Micro Swarm,2025,Microchallenge 2,A system of cells that observe an input stimuli and respond in kind to create a ripple effect of swarm intelligence.,AI & Machine Learning | Biomaterials | Body & Health | Climate | Digital Fabrication,,,https://hackster.imgix.net/uploads/attachments/1828411/_wow5F7W8OR.blob?auto=compress&w=1600&h=1200&fit=min&fm=jpg,Lucretia Field|Carlos Da Silveira|Flavio Grimaldi,https://www.hackster.io/lucretiafield/micro-swarm-8cfe88
proj141,Brick Rocket Stove Exploration,2025,MDEFest Challenge,Rocket stove exploration for collective action and technology independence.,Co-creation | Community Design,,,https://hackster.imgix.net/uploads/attachments/1851705/_ZIDr2G89fq.blob?auto=compress&w=1600&h=1200&fit=min&fm=jpg,Maximilian Becht,https://www.hackster.io/maxicozy/brick-rocket-stove-exploration-c4130d
proj142,Heartbeat Lighting,2025,MDEFest Challenge,Heartbeat lighting and piezo stethoscope - sensory design through bodily rhythms.,Art & Music | Sensing & Electronics,,,https://smuzs-organization.gitbook.io/smuz-mdef/~gitbook/image?url=https%3A%2F%2F2049469485-files.gitbook.io%2F%7E%2Ffiles%2Fv0%2Fb%2Fgitbook-x-prod.appspot.com%2Fo%2Fspaces%252F7VQUsg0vRAXeeKnSBPyH%252Fuploads%252FUNxf3gVETn7wz4PALHi4%252FIMG_5233.jpg%3Falt%3Dmedia%26token%3De66244bb-e3e2-40bb-9488-62e481ca827d&width=768&dpr=2&quality=100&sign=b80eabf7&sv=2,Ziming Shang,https://smuzs-organization.gitbook.io/smuz-mdef/year-i/term-3/microchallenge-mdefest
proj143,Sweat-Reactive T-Shirt,2025,MDEFest Challenge,Exploring pH-reactive T-shirts that visualize sweat as data using BTB dye and biomaterial-driven crystallization.,Body & Health | Sensing & Electronics,,,https://hackster.imgix.net/uploads/attachments/1852463/img_20250522_204608_BWzNGgCkBV.jpg?auto=compress%2Cformat&w=740&h=555&fit=max,Javier Serra Alonso,https://www.hackster.io/JavierSerra/sweat-reactive-t-shirt-f2cdea
proj144,Gut-Gut Connection,2025,MDEFest Challenge,Gut-Gut Connection - biotech body sensing exploring embodied interaction and gut intelligence.,Biotech & Synbio | Body & Health | Food Systems,,,https://hackster.imgix.net/uploads/attachments/1852768/_RS0n4JKjQE.blob?auto=compress&w=1600&h=1200&fit=min&fm=jpg,Kevin Giovanni Enriquez Ambrocio,https://www.hackster.io/kevinenriquezambrocio/gut-gut-connection-b597c4
proj145,Gesture Controlled Model Manipulation,2025,MDEFest Challenge,Gesture Controlled Model Manipulation System for material/object manipulation.,Art & Music | Co-creation | Community Design,,,https://hackster.imgix.net/uploads/attachments/1853946/untitled_video_-_made_with_clipchamp_(6)_tagekZ9hUk.gif?auto=format%2Ccompress&gifq=35&w=1600&h=1200&fit=min&fm=jpg,Mohit Chopra,https://www.hackster.io/mohitchopra/gesture-controlled-model-manipulation-system-5e3241
proj146,Cymatic Machine,2025,MDEFest Challenge,"Cymatic Machine exploring physics, liquid properties and frequencies as generative design.",AI & Machine Learning | Art & Music | Biomaterials | Biotech & Synbio,,,https://hackster.imgix.net/uploads/attachments/1854484/captura_de_tela_2025-05-31_as_3_49_58pm_xrhNuT0ywf.png?auto=compress%2Cformat&w=740&h=555&fit=max,Carlos Alberto Da Silveira Jr.,https://www.hackster.io/carlosalbertodasilveira/cymatic-machine-681eac
proj147,Mended Laptop,2025,MDEFest Challenge,Mended Laptop - textile mending meets electronics hardware hacking and community repair.,Circular Economy | Co-creation | Community Design | Craftsmanship | Sensing & Electronics | Wearables,,,https://hackster.imgix.net/uploads/attachments/1853943/_wgx2FT4ZHZ.blob?auto=compress&w=1600&h=1200&fit=min&fm=jpg,Lucretia Field,https://www.hackster.io/lucretiafield/mend-your-laptop-00195e
proj148,Green Patches,2025,MDEFest Challenge,Green patches - urban hacking artifacts and tactical urbanism for informal design.,Urban Design,,,https://hackster.imgix.net/uploads/attachments/1851237/_Og9xNi37OX.blob?auto=compress&w=1600&h=1200&fit=min&fm=jpg,David Granizo Calero,https://www.hackster.io/davidgranzioc/green-patches-bc8244
proj149,DIY Pottery Wheel,2025,MDEFest Challenge,"DIY Pottery Wheel exploring clay, craftsmanship and ethnographic narratives.",Art & Music | Craftsmanship | Decolonial Design | Memory & Heritage,,,https://hackster.imgix.net/uploads/attachments/1852472/_QYkNEfVrVh.blob?auto=compress&w=1600&h=1200&fit=min&fm=jpg,Maithili Sathe,https://www.hackster.io/maithilimanojsathe/diy-pottery-wheel-834b5e
proj150,Espadrenyas Braiding Machine,2025,MDEFest Challenge,Braiding Machine for espadrille making - mechanical engineering meets traditional footwear.,Digital Fabrication,,,https://hackster.imgix.net/uploads/attachments/1851758/_R1tHQ7827L.blob?auto=compress&w=1600&h=1200&fit=min&fm=jpg,Auxence Daillen,https://www.hackster.io/auxencedaillen/espadrenyas-braiding-machine-99a0d9
proj151,Low-Tech Press for Regenerative Futures,2025,MDEFest Challenge,A Low-Tech Press for Regenerative Futures - participatory design and collaborative making.,Art & Music | Co-creation | Community Design | Digital Fabrication,,,https://hackster.imgix.net/uploads/attachments/1851050/_CUB8l6NbHB.blob?auto=compress&w=1600&h=1200&fit=min&fm=jpg,Flavio Grimaldi,https://www.hackster.io/flaviogrimaldi/brick-by-brick-a-low-tech-press-for-regenerative-futures-9a4c10
proj152,El Carrito,2025,MDEFest Challenge,DIY system for citizens to collect and use clean water - autoproduction and low-tech.,Community Design | Craftsmanship | Social Justice,,,https://andrea-santis-organization.gitbook.io/andrea-santi-mdef-course/~gitbook/image?url=https%3A%2F%2F2679578488-files.gitbook.io%2F%7E%2Ffiles%2Fv0%2Fb%2Fgitbook-x-prod.appspot.com%2Fo%2Fspaces%252FBP8hN1AcNw6u4vfd9zoq%252Fuploads%252FdErv2tb4cirdixmFVJvU%252Fimage00040.jpeg%3Falt%3Dmedia%26token%3D8380e093-c580-440c-8c33-22b962df8057&width=768&dpr=2&quality=100&sign=d2294c83&sv=2,Andrea Santi,https://www.hackster.io/desainz/el-carrito-0f67a8
proj153,Fitting Stage,2025,MDEFest Challenge,A dressing stand for mycelium garments - fitting room and performance space for interspecies collaboration.,Art & Music | Biomaterials | Co-creation | Community Design | Interspecies & Non-human | Wearables,,,https://hackster.imgix.net/uploads/attachments/1854488/_uQmG3uq8ae.blob?auto=compress&w=1600&h=1200&fit=min&fm=jpg,Belén Comotto,https://www.hackster.io/belloonblue/fitting-stage-e702d3
proj154,poly:eutopia,2025,MDEFest Challenge,"An artifact for exploring urban space through non-human lenses, combining biological growth, digital fabrication and relational mapping.",Climate | Co-creation | Community Design | Data Visualization | Interspecies & Non-human | Urban Design,,,https://hackster.imgix.net/uploads/attachments/1854230/_FEcRYuss5f.blob?auto=compress&w=1600&h=1200&fit=min&fm=jpg,Paula Rydel,https://www.hackster.io/paularydel/poly-eutopia-c2086d
proj155,Comp-borg,2026,Cognitive Orgies 1,An exo-organ that allows the wearer to 'feel' compost in order to deepen the connection between people and compost.,Circular Economy | Food Systems,,,https://hackster.imgix.net/uploads/attachments/1929990/full_backshot_6sS9wg3VAC.png?auto=compress%2Cformat&w=1280&h=960&fit=max,Ayal Sharon|Lo Saenz,https://www.hackster.io/544133/comp-borg-c6c09a
proj156,Simbiosis Simulation Engine,2026,Cognitive Orgies 1,"Human-machine interaction system that responds to skin conductance. AI agents co-regulate with the body, maintaining balance and dynamic interaction in real time.",Data Visualization,,,https://hackmd.io/_uploads/HJ9sZd7D-l.jpg,Ash Alhmoud|Alejandra Rivera|Agnese Raimondi,https://hackmd.io/@7IGeDoHSQv2FyM2n4piA-g/HyzJOv7vZg
proj157,Nomadic Infrastructure for Urban Microecosystems,2026,Cognitive Orgies 1,"A mobile micro-habitat that responds to the shifting hostility of urban environments, moving autonomously to maintain viable conditions for insects.",Interspecies & Non-human | Mobility | Urban Design,,,https://hackster.imgix.net/uploads/attachments/1928020/_jsla04uz6a.blob?auto=compress%2Cformat&w=900&h=675&fit=min,Antonio García Fernández|Erandi Morales,https://www.hackster.io/antoniogarciafernandez/nomadic-infrastructure-for-urban-microecosistems-b799ea
proj158,Aura,2026,Cognitive Orgies 1,"A wearable organ-like interface using biometric pulse data to translate bodily rhythms to light, proposing embodied domestic infrastructure.",AI & Machine Learning | Biomaterials | Data Visualization | Sensing & Electronics | Urban Design | Wearables,,,https://hackster.imgix.net/uploads/attachments/1929639/_35rwjyptbw.blob?auto=compress&w=1600&h=1200&fit=min&fm=jpg,Ivan Raskovic|Hannah Biarozka|Madlen von Wulffen,https://www.hackster.io/madlenelisevonwulffen/aura-dbcf62
proj159,Echoes of Earth,2026,Cognitive Orgies 1,"Soil sensing device that reads ground data and visualises it through light and sound outputs through remote communication, fostering deep connection with the earth.",Art & Music | Interspecies & Non-human,,,https://hackster.imgix.net/uploads/attachments/1928684/pi7_gif_cmp-2_Y91g3U5j4f.gif?auto=format%2Ccompress&gifq=35&w=1600&h=1200&fit=min&fm=jpg,Swarna Manjaric|Heba Amin|Beste Atahan,https://www.hackster.io/544134/echoes-of-earth-099b88
proj160,Living Tiles,2026,Cognitive Orgies 1,"LivingTiles aims to make the ground of our cities permeable again, creating a resilient system in times of extreme climate events.",Biomaterials | Climate | Energy,,,https://hackster.imgix.net/uploads/attachments/1929403/_NsPq1gurUi.blob?auto=compress&w=1600&h=1200&fit=min&fm=jpg,Ludovico Celli|Melissa Ramos,https://www.hackster.io/living-tiles/living-tiles-64efbf
proj161,Altered Present Metronom,2026,Cognitive Orgies 1,"Exploring digital presence as a collective condition, using AI to reconfigure how bodies relate to space and to each other.",Art & Music,,,https://hackster.imgix.net/uploads/attachments/1927991/_m6EYR57g2G.blob?auto=compress&w=1600&h=1200&fit=min&fm=jpg,Armin Gulbert|Sıla Kara,https://www.hackster.io/544089/altered-present-metronom-e3a06a
proj162,Bloombite,2026,Cognitive Orgies 1,System where humans are not controllers but responders to plant signals through sensors - power shifts away from humans.,Digital Fabrication | Food Systems | Interspecies & Non-human,,,https://hackster.imgix.net/uploads/attachments/1929993/bloombite_9YIArXaGvK.gif?auto=format%2Ccompress&gifq=35&w=900&h=675&fit=min&fm=mp4,Maxavier Guss|Maryam Shojaei,https://www.hackster.io/544404/bloombite-697b21
proj163,Dance Dance Carpet,2026,Cognitive Orgies 1,A modular carpet that turns movement into energy and wraps up quickly for flashmob situations.,Art & Music | Energy | Social Justice,,,https://hackster.imgix.net/uploads/attachments/1927992/_RrZFsk2Y2R.blob?auto=compress&w=1600&h=1200&fit=min&fm=jpg,Francesco Bossi|Ishan Sharma,https://www.hackster.io/544136/dance-dance-carpet-255c9a
proj164,SAFE SPACE,2026,Cognitive Orgies 2,"A canopy in your home office - speak your ideal workspace, AI renders live image distortion in Touch Designer. A relationship between space and body made visible.",Urban Design,,,https://hackster.imgix.net/uploads/attachments/1935399/image_V21PoySavb.png?auto=compress%2Cformat&w=740&h=555&fit=max,Madlen von Wulffen|Armin Gulbert,https://www.hackster.io/safe-dreams/safe-space-a-home-office-intervention-b3486a
proj165,STEPSCAPE,2026,Cognitive Orgies 2,"A device that gradually adds musical instruments and shifts colors toward warmer tones as people take steps, encouraging movement in public space.",Art & Music | Community Design | Urban Design,,,https://hackster.imgix.net/uploads/attachments/1937830/_tcr8UmrMIa.blob?auto=compress&w=1600&h=1200&fit=min&fm=jpg,Sıla Kara|Francesco Bossi,https://www.hackster.io/sila-kara/xxx-8791d6
proj166,Seeding Memories,2026,Cognitive Orgies 2,A secret memory encrypting system merging real-time human audio with the living pulses of a tree to build a private archive of memories.,Memory & Heritage,,,https://hackster.imgix.net/uploads/attachments/1935334/_Fc9TAg7o1P.blob?auto=compress&w=1600&h=1200&fit=min&fm=jpg,Beste Atahan|Heba Amin|Swarna Manjaric,https://www.hackster.io/swarnamanjaric/seeding-memories-0b3c5d
proj167,The Taste of Being,2026,Cognitive Orgies 2,Interactive installation translating human touch on edible elements into responsive light visuals through capacitive sensing.,Body & Health | Food Systems,,,https://hackster.imgix.net/uploads/attachments/1935465/img_8395_(2)_V7Lq1btNsH.gif?auto=format%2Ccompress&gifq=35&w=1600&h=1200&fit=min&fm=jpg,Maxavier Guss|Aishwarya Kaura|Maryam Shojaei,https://www.hackster.io/545197/the-taste-of-being-9509ef
proj168,Peace Missile,2026,Cognitive Orgies 2,What if the same systems that delivered warheads can deliver lifelines - exploring social justice and climatic disasters.,Community Design | Social Justice,,,https://hackster.imgix.net/uploads/attachments/1938910/_yQT9zt0nJl.blob?auto=compress&w=1600&h=1200&fit=min&fm=jpg,Ishan Sharma|Aiman Ansari,https://www.hackster.io/aimanansari/peace-missile-0b2d61
proj169,Multisense / Stocksense,2026,Cognitive Orgies 2,Exo-Organ connecting stock market data and human intelligence through biosensing.,Data Visualization,,,https://hackster.imgix.net/uploads/attachments/1936808/_vMS0hS35Rv.blob?auto=compress%2Cformat&w=900&h=675&fit=min,Erandi Morales|Ayal Sharon,https://www.hackster.io/545047/stocksense-610f0b
proj170,(UN)chastity,2026,Cognitive Orgies 2,"Pressure-sensitive biomaterial underwear that activates vibrations in response to touch, used with a DIY lube.",Biomaterials | Body & Health | Wearables,,,https://hackster.imgix.net/uploads/attachments/1936415/_Gi1IwraZke.blob?auto=compress%2Cformat&w=900&h=675&fit=min,Agnese Raimondi|Ivan Raskovic,https://www.hackster.io/agneseraimondi/un-chastity-17b1e7
proj171,Echo of Mind,2026,Cognitive Orgies 2,What if your subconscious could be seen by strangers?' - AI agent and 3D modeling to visualize inner mental states.,AI & Machine Learning,,,https://hackster.imgix.net/uploads/attachments/1937845/echo-of-mind-2_8R3wJ3LOAh.jpg?auto=compress%2Cformat&w=1280&h=960&fit=max,Hannah Biarozka|Antonio García Fernández|Alejandra Rivera,https://www.hackster.io/echo-of-mind/echo-of-mind-6ca9d6
proj172,PollinOasis,2026,Cognitive Orgies 2,How can we help pollinators to thrive in urban areas? Multispecies and climate response design.,Climate | Energy | Interspecies & Non-human,,,https://hackster.imgix.net/uploads/attachments/1940363/_ADrfzJJwsS.blob?auto=compress&w=1600&h=1200&fit=min&fm=jpg,Melissa Ramos|Ludovico Celli,https://www.hackster.io/ludocelli/pollinoasis-5b6201