name,bio,photo
Adrianna,,
Ahmed,,
Albert,,
Alejandra,,
Amanda,,
Anais,,
Andrea,,
Andrea Arranz,,
Angel,,
Anna,,
Annna,,
Anthu,,
Antinio,,
Antonio,,
Apama,,
Aparna,,
Ariel,,
Audrey,,
Audrey Belliot,,
Audrey Paula,,
Borka,,
Bothaina,,
Bothaina Rafaa A,,
Busi,,
Caflar,,
Caglar,,
Cagsun,,
Carmen,,
Carolina,,
Chris,,
Chris Joaquin,,
Claudia,,
Clement,,
Clément,,
Clément Luc,,
David,,
Dhriti,,
Didac,,
Didac Vikrant,,
Dudu,,
Dídac,,
Emilio,,
Emilio Smith,,
Everardo,,
Fiorella,,
Fiorella Jaramillo,,
George,,
Georges,,
Gerda,,
Gerda Meleschkin,,
Guilherme,,
Guillerme,,
Guillherme,,
Inés,,
Inés Macarena,,
Jana,,
Jasmine,,
Jean Luc,,
Jean-Luc,,
Jeremy,,
Jimena,,
Joaquin,,
Jorge DLM,,
Jose,,
Jose Antonio,,
Josefina,,
Josephina,,
Josephine,,
José,,
José Francisco,,
Juaco,,
Julia,,
June,,
Kai,,
Korbi,,
Krystofs,,
Krzys,,
Krzysztof,,
Marc,,
Mari,,
Marianna,,
Marielle,,
Marina,,
Marius,,
Mark,,
Morgane,,
Myrto,,
Nicolò,,
Niki,,
Nikita,,
Nikta,,
Nuria,,
Paco,,
Paige,,
Paula,,
Paula Bustos,,
Paula del Río,,
Phillipa,,
Pietro,,
Pippa,,
Ramiro,,
Rei,,
Rei Terauchi,,
Reuben,,
Roberto,,
Roger,,
Ruben,,
Sami,,
Seher,,
Sergio,,
Sophie,,
Stella,,
Stella Myrto,,
Tati,,
Tatiana,,
Tatiane,,
Vero,,
Veronica,,
Verónica,,
Vikrant,,
Wen,,
ines,,
orge M,,
team,,